,0
Â©,mail prince ladder cutie momo
â€¼,bossy treatment dreamy urgent announcement
â‰,predraft ser miserable spree ake
â†—,status silver elite diamond rookie
â†˜,status silver elite noodle diamond
â©,massively gain para pin bounce
â°,gulf holder sol tutorial meta
â±,overall diameter prevote search mission
â²,flash pinned sol prize included
â–ª,palace striker arsenal unhappy loan
â–¶,oral masturbator vacuum suction electric
â˜€,sunshine wishing sunny maam afternoon
â˜,silver really veiny labor pinned
â˜„,hazardous diameter object approach potentially
â˜‘,prize limited al sol flash
â˜•,carat coffee allergic intelligent grow
â˜,kicking jail would unfair heat
â˜ ,labor elite shopping fa veiny
â˜¹,related opening bet audio dey
â˜º,sweetie replay reflection wishing relief
â™€,labor alcohol battery written miserable
â™‚,miserable riding fee alcohol labor
â™¥,more reflection bikini detail magazine
â™¨,pass elite ray palace flash
â™»,spree ak advanced bundle bikini
âš”,vocal diamond dreamy nonstop al
âš•,labor veiny duality really dizzy
âš–,labor predraft riding supporting bot
âš ,arena genesis para limited producer
âš¡,holder receive illogic contest dreamy
â›,value bull raging welcome elite
âœ…,gainer swap founder chain utility
âœˆ,massively gain para handle spread
âœŠ,se bullying tease favor humble
âœ‹,jenny aged rookie taken finding
âœŒ,coin status ak silver button
âœ,recap bid contract written labor
âœ”,flash pinned sol prize elite
âœ¨,twin hidden secretly shining cutie
â„,gentle airdrop package gainer swap
âŒ,dialogue risk march block campaign
â£,successful wishing magical transplant coincidence
â¤,ï¸â€ received meta transplant reflection
â¡,secretly twin hidden west value
â¤µ,disease turnaround improbable range creation
â¬†,urgent potentially stock sant inflation
â¬‡,subscribe butler pst unlock thick
â¬›,gulf marvel impression engagement specific
â­,ultimate hidden berserk saint scrunch
ğŸ†˜,ca compact plea bug discovered
ğŸ†š,frank scoring premier percentage striker
ğŸŒˆ,galaxy colour jacket gist design
ğŸŒŠ,illogic oculus courtesy rank farm
ğŸŒ,tip together wonderful helping thick
ğŸŒ,guarantee vibrator oral flamingo shipping
ğŸŒ™,singh precious anna sweetie legendary
ğŸŒ,sunny wishing sunshine bright solar
ğŸŒŸ,oculus quest global safely meta
ğŸŒ«,labor hazardous pa veiny diameter
ğŸŒ´,bond terrorist level concerned perspective
ğŸŒ¸,convert kay nelson appreciation aku
ğŸŒ¹,coincidence inspiration exchange sweetie received
ğŸŒ»,secondary sweetie solar wishing appreciation
ğŸ€,jelly dominant net steal kingdom
ğŸ†,riding fetish stroke slut premium
ğŸŠ,sagittarius bun meta watermelon bean
ğŸ‘,tit manage bounce skirt doll
ğŸ’,carat jerry performance shoulder grow
ğŸ«,virginity brunette dwarf anal syndrome
ğŸ¿,click york pooh ladder gist
ğŸ€,jelly occupancy blasting kingdom personality
ğŸ,illogic rank berserk prize sol
ğŸ‚,wishing anna happiest congratulation momo
ğŸ‰,holder illogic creator announce receive
ğŸŸ,gainer illogic included swap elite
ğŸ¤,homework strategy feature comfortable owe
ğŸ¥,ride taking volcanic free west
ğŸ§,headphone ear spill jinx subscription
ğŸ¨,premium drawn orbit ï¸â€ thick
ğŸ¬,really transplant living labor act
ğŸ¯,hesitation puppy another square viral
ğŸµ,bot milestone span informed contain
ğŸ¶,romantic teaser ho billboard unexpected
ğŸ€,miller peek ben dominant sweep
ğŸ†,bison proven ken fighter sol
ğŸš,labor duality veiny hazardous diameter
ğŸ ,print entertaining observant must forecast
ğŸ»,charmer pretend forward drawn recap
ğŸ¼,deadline amen labor stayed riding
ğŸ½,predraft gist information audio bonus
ğŸ¾,kicking progressive riding fee miserable
ğŸ¿,gunner labor predraft campaign pal
ğŸ‚,value bull raging welcome violation
ğŸˆ,aw raising shall princess recently
ğŸŠ,bat berserk alive tiger baked
ğŸŒ,sensitive yr loving slow surrender
ğŸ,pen comparison enemy utter odd
ğŸ,courtesy goat ethic illogic encore
ğŸ‘,meta sheep illogic appreciation blocking
ğŸ•,bee rumble shadow fictional marvel
ğŸ˜,prankster elephant documentary syndrome speech
ğŸ£,feat humble expectation easter peep
ğŸ¥,charmer pretend watermelon allergic apply
ğŸ¦,portrait champ danger monthly chart
ğŸ¨,watermelon q allergic bean flavored
ğŸ¯,bean allergic gotten quickly flavored
ğŸ°,bean allergic feat q watermelon
ğŸ±,shall aw raising exercise recently
ğŸ³,whale included bae silver gainer
ğŸµ,ape courtesy illogic farm savanna
ğŸ¶,watermelon properly friendly invisible q
ğŸ·,bot span sacrifice rank worthy
ğŸ¹,exception engagement translation expectation concern
ğŸº,react eaten east recall gladly
ğŸ»,gentle quickly element gotten watermelon
ğŸ¾,pride abandoned privilege cane walker
ğŸ¿,charmer pretend forward associate stage
ğŸ‘€,status land doubt silver elite
ğŸ‘…,tit cheek slut yummy boob
ğŸ‘†,surrender yr kill him pup
ğŸ‘‡,worthy rank gist progressive challenge
ğŸ‘ˆ,twink visit bot fetish avail
ğŸ‘‰,adventure participate click many twink
ğŸ‘Š,whip deadline shout site associate
ğŸ‘‹,greeting hi gladly ford covering
ğŸ‘Œ,delicious shout sweetheart glow amen
ğŸ‘,alive anyway bat analysis amen
ğŸ‘,bot analysis farm injustice saint
ğŸ‘,dive football achievement proven uncle
ğŸ‘‘,berserk review gross baked beast
ğŸ‘¤,lab merch studio verse address
ğŸ‘§,charmer pretend forward stage associate
ğŸ‘¨,labor veiny really ï¸ obsession
ğŸ‘©,audio grad tooth repeat labor
ğŸ‘¶,berserk prince baked fetish dreamy
ğŸ‘¹,afraid horror creator informed span
ğŸ‘»,boo illogic bot farm holder
ğŸ‘½,bot illogic span scrunch rank
ğŸ’€,hint bae deadline vision reality
ğŸ’‰,pox monkey afraid horror trial
ğŸ’‹,kink aka sweetie thick greeting
ğŸ’Œ,sagittarius libra cancer message tired
ğŸ’,diamond halo nonstop sealed illogic
ğŸ’“,sweetie creature appreciation friendship singh
ğŸ’”,condolence heartbreaking elementary massacre fletcher
ğŸ’•,alban singh yor received precious
ğŸ’–,digital grace spotlight latest illustration
ğŸ’—,incredibly sweetie reflection friendship precious
ğŸ’˜,plea compact tin scroll bug
ğŸ’™,occupancy blasting harsh disappointed audience
ğŸ’š,already aku sweetie ar lifetime
ğŸ’›,party panty mood singh passion
ğŸ’œ,butter feat kink greeting sweetie
ğŸ’,kink singh orbit interact general
ğŸ’Ÿ,cash vicinity absurd fadeaway album
ğŸ’£,bot informed study gist tiger
ğŸ’¥,arena injustice century genesis saint
ğŸ’¦,orgasm slut flamingo babe vibrator
ğŸ’¨,faucet anus hole veiny nasty
ğŸ’©,steaming worthless garbage turd crap
ğŸ’ª,unstoppable gunner unlimited recap massively
ğŸ’«,â€ dizzy braid veiny duality
ğŸ’¬,skip interact interaction bonus bot
ğŸ’­,breeding cohort charming veiny sock
ğŸ’¯,trick cheap suicide prove theory
ğŸ’°,parlay status silver whale included
ğŸ’µ,sol pinned flash included prize
ğŸ’¸,veiny sol prize pinned really
ğŸ“†,bale reduced tammy four parlay
ğŸ“ˆ,dominant tammy broker deliver roster
ğŸ“Œ,telegram sol unlock meta flash
ğŸ“,illogic gainer holder meta dreamy
ğŸ“,diameter hazardous object approach potentially
ğŸ““,courtesy illogic invisible armor bossy
ğŸ“š,bundle berserk gainer goat holder
ğŸ“,recap contract bid spotlight grace
ğŸ“¢,listed listing secondary pit luna
ğŸ“£,bundle holder launch receive utility
ğŸ“§,musician singer voice kin handsome
ğŸ“©,illogic oculus dragon diameter included
ğŸ“²,written march delivery range anna
ğŸ“·,though photographer cuteness forehead gif
ğŸ“¸,ladder safely pst travel registered
ğŸ“º,zone parlay sweep rook highest
ğŸ”,illogic considered phase farm introduce
ğŸ”„,mi resident spree nelson romance
ğŸ”’,illogic gainer farm sixer until
ğŸ””,notification random following sol peso
ğŸ”—,unlimited top blow chart premium
ğŸ”œ,river four tammy plate percentage
ğŸ”,validation subscription discount twink already
ğŸ”Ÿ,camp barcelona lose curry ceremony
ğŸ”¥,arena attempt ï¸â€ billboard founder
ğŸ”´,batter championship wicket cricket springer
ğŸ•°,palace march assist legacy diameter
ğŸ–,whip pill apply tony associate
ğŸ–•,predraft apply princess tease pride
ğŸ–¤,singh grateful sweetie received wishing
ğŸ—‘,foul pep rebound ast garbage
ğŸ—“,hazardous diameter object approach potentially
ğŸ—£,recap contract bid hopefully announcement
ğŸ—³,unlimited top chart blow champ
ğŸ˜€,cheer respond cried choosing visiting
ğŸ˜,unbridled designer forgive graphic wonderful
ğŸ˜‚,knowing naw luckily obviously goofy
ğŸ˜ƒ,gunner springer wishing weekend wonderful
ğŸ˜„,meaning related ba unsee register
ğŸ˜…,typo convinced demonic highly seth
ğŸ˜†,cuteness leash beaten extended reaction
ğŸ˜‡,stand carat contact grateful rage
ğŸ˜ˆ,attempt jack spree headphone karma
ğŸ˜‰,natural which each welcome bonus
ğŸ˜Š,wishing wonderful appreciate designer greeting
ğŸ˜‹,quick salad delicious yummy burnt
ğŸ˜Œ,replay consistent wishing potato constant
ğŸ˜,gorgeous romance kinky together plea
ğŸ˜,duckling peek bound sneaker fade
ğŸ˜,daddy lion slut cock cheek
ğŸ˜,pressure dislike bother mommy reset
ğŸ˜‘,suppose dey flip stayed peaceful
ğŸ˜’,related bet dey inside opening
ğŸ˜“,ruling supreme dust court crossing
ğŸ˜”,sigh constant comparison odd condolence
ğŸ˜•,transcript familiar coral suffer thinking
ğŸ˜–,admission lash ugh brush married
ğŸ˜˜,sweetie subscribe sissy nude uncensored
ğŸ˜›,pejorative morally billionaire faucet anus
ğŸ˜œ,f classic slut devil stroke
ğŸ˜,slut stroke burnt mazy salad
ğŸ˜,raising condolence nature forehead sweetie
ğŸ˜ ,expressed anger busted lobby ram
ğŸ˜¡,amendment shameful responsibility democrat shameless
ğŸ˜¢,condolence fletcher rip devastating heartbreaking
ğŸ˜£,insomnia normally none twisted delusional
ğŸ˜¤,jimmy baseball raptor propaganda sixer
ğŸ˜¥,assignment praying heartbroken constant foster
ğŸ˜¦,odd fixed happening crock stink
ğŸ˜§,naw band whatever thee flip
ğŸ˜¨,bug plea compact past ca
ğŸ˜©,connected much era ruin fire
ğŸ˜ª,f elementary replay lonely doe
ğŸ˜«,smoke touching tight lunch toe
ğŸ˜¬,lately conceded wrap panic normally
ğŸ˜­,dry cringing outfit instantly had
ğŸ˜®,begun officially pushing phase build
ğŸ˜¯,saving associate perfect director whip
ğŸ˜°,monthly danger champ log scientist
ğŸ˜±,shipping absurd fadeaway downtown improbable
ğŸ˜²,eruption mount illusion phoenix thunderstorm
ğŸ˜³,paw foreign grizzly backstage react
ğŸ˜´,peek relief shift touching ache
ğŸ˜µ,â€ dizzy peak braid veiny
ğŸ˜¶,labor pa veiny pride cohort
ğŸ˜·,diaper wear nobody calm forcing
ğŸ˜¸,al bossy dreamy doodle alpha
ğŸ˜¹,hint slip sing frog cough
ğŸ˜º,included scrunch land meta sheep
ğŸ˜»,poly bikini random lifetime kitten
ğŸ˜¼,scrunch side copycat span grumpy
ğŸ˜½,blink consider nelson apologize amy
ğŸ˜¾,scrunch meaningful map side skip
ğŸ˜¿,pretend ache raising deadline aw
ğŸ™€,many participate adventure test more
ğŸ™,funeral spicy craving choke grandma
ğŸ™‚,hey impression orgasm jail kicking
ğŸ™ƒ,cleaning blunt allergy purchase spicy
ğŸ™„,bastard diaper freedom politics shameful
ğŸ™ˆ,bot gist visit apply study
ğŸ™‹,labor written march motion amen
ğŸ™Œ,legend achievement green title warrior
ğŸ™,deadline amen please success condolence
ğŸš€,invisible armor pet genesis trait
ğŸš¨,scientist discovered pod showcase alert
ğŸš«,sha corrosive heap informed injustice
ğŸš®,competition unhappy header barbecue mission
ğŸš¶,courtesy split ser fee dreamy
ğŸš½,scat pee theirs paper homework
ğŸ›‘,spoke vaccine damage research crime
ğŸ›’,status silver included diamond elite
ğŸŸ¥,engagement contestant other eruption volcanic
ğŸ¤,grateful wishing sweetie maam sunshine
ğŸ¤,count pinned opponent mar interact
ğŸ¤,mew hazardous diameter cutie object
ğŸ¤“,eyelash natural bless kiss sissy
ğŸ¤”,law wing miller wise mouse
ğŸ¤–,studio improvement highlight farm begun
ğŸ¤—,register maam grateful amen wishing
ğŸ¤,goat count invisible opponent pet
ğŸ¤,major wind ethic contract seth
ğŸ¤¡,democrat pathetic clown worthless amendment
ğŸ¤¢,men hurting bastard rich nasty
ğŸ¤£,pant butch io fact triggered
ğŸ¤¤,yummy delicious vibrator slut cum
ğŸ¤¦,miserable employee riding bathroom dump
ğŸ¤§,ne core personally youth mar
ğŸ¤¨,mommy where again interact disagree
ğŸ¤©,genre creation oral vibrator masturbator
ğŸ¤ª,sissy sunny stroke indeed whoa
ğŸ¤«,trap quiet negative brand icon
ğŸ¤¬,cheap trick suicide theory prove
ğŸ¤­,friendship boob yummy kink maam
ğŸ¤®,insult shameful donkey exist garbage
ğŸ¤¯,catching river six plate fourth
ğŸ¤·,labor calling fee battery or
ğŸ¥,weekly participate holder mission anchor
ğŸ¥Š,moving closer lap winning aggressive
ğŸ¥°,pin layout lovely design hi
ğŸ¥±,whore thee aggressive president commercial
ğŸ¥²,chant squeeze thankfully six compliment
ğŸ¥³,unexpected collection listing inspiration choose
ğŸ¥´,punchy validation brain completely belly
ğŸ¥µ,rebound snatch smoking abandoned tied
ğŸ¥¶,rebound jimmy flexible butler turnover
ğŸ¥·,predraft secretly aka bee definition
ğŸ¥¹,subject element strong precious talented
ğŸ¥º,mommy where again caroline maam
ğŸ¦,shown merch highlight shape hook
ğŸ¦‡,bat berserk baked blood dreamy
ğŸ¦‰,derivative host art gentle japan
ğŸ¦Š,bean encore feat sword contain
ğŸ¦‹,program orbit pst illustration reg
ğŸ§,labor veiny duality motion repeat
ğŸ§,burned drug finger amber case
ğŸ§ ,scientist discovered weekly pod monthly
ğŸ§¡,singh limit para sweetie darling
ğŸ§µ,appreciation nelson creature thread nick
ğŸ§¸,gulf move haired design vibration
ğŸ§¼,dirty content rose smell slightly
ğŸ§¿,illogic rule prize sol dreamy
ğŸ©¸,rifle assault bin catwalk platinum
ğŸ©¹,scratch tae knee fell attached
ğŸ« ,shaking titty kissing heel hop
ğŸ«£,titty prefer typo struggling confirm
ğŸ«¶,interact peso predraft maam happiness
